{"version": {"json_export": "187", "page_segmentation": "5", "schema": "1.1.0", "structure": "1.1036.0", "table_structure": "5"}, "extended_metadata": {"ID_instance": "03 79 10 66 6A B7 B2 11 0A 00 67 45 8B 6B C6 23 ", "ID_permanent": "41 31 20 39 36 20 37 34 20 36 35 20 36 41 20 42 37 20 42 32 20 31 31 20 30 41 20 30 30 20 36 37 20 34 35 20 38 42 20 36 42 20 43 36 20 32 33 20 ", "pdf_version": "1.6", "pdfa_compliance_level": "", "is_encrypted": false, "has_acroform": false, "is_digitally_signed": false, "pdfua_compliance_level": "", "page_count": 32, "has_embedded_files": false, "is_certified": false, "is_XFA": false, "language": "en"}, "elements": [{"Bounds": [51.600006103515625, 729.2400054931641, 145.5960693359375, 755.6479949951172], "Font": {"alt_family_name": "* Times New Roman", "embedded": true, "encoding": "Identity-H", "family_name": "* Times New Roman", "font_type": "CIDFontType0", "italic": false, "monospaced": false, "name": "*Times New Roman-5227", "subset": false, "weight": 400}, "HasClip": false, "Lang": "en", "Page": 0, "Path": "//Document/P", "Text": "WIKIPEDIA The Free Encyclopedia ", "TextSize": 14.0, "attributes": {"LineHeight": 11, "SpaceAfter": 3.875, "TextAlign": "Justify"}}, {"Bounds": [41.03999328613281, 709.3179931640625, 213.21633911132812, 723.9559936523438], "Font": {"alt_family_name": "* Times New Roman", "embedded": true, "encoding": "Identity-H", "family_name": "* Times New Roman", "font_type": "CIDFontType0", "italic": false, "monospaced": false, "name": "*Times New Roman-5222", "subset": false, "weight": 400}, "HasClip": false, "Page": 0, "Path": "//Document/Title/Sub", "Text": "Toggle the table of contents ", "TextSize": 13.0, "attributes": {"Placement": "Block"}}, {"Bounds": [37.19999694824219, 676.2434997558594, 310.1774597167969, 700.7489929199219], "Font": {"alt_family_name": "* Times New Roman", "embedded": true, "encoding": "Identity-H", "family_name": "* Times New Roman", "font_type": "CIDFontType0", "italic": false, "monospaced": false, "name": "*Times New Roman-Bold-5225", "subset": false, "weight": 700}, "HasClip": false, "Page": 0, "Path": "//Document/Title/Sub[2]", "Text": "Quantuill coillputing ", "TextSize": 25.5, "attributes": {"Placement": "Block"}}, {"Bounds": [36.220001220703125, 475.1195068359375, 362.9997863769531, 648.1759948730469], "Font": {"alt_family_name": "* Times New Roman", "embedded": true, "encoding": "Identity-H", "family_name": "* Times New Roman", "font_type": "CIDFontType0", "italic": false, "monospaced": false, "name": "*Times New Roman-5222", "subset": false, "weight": 400}, "HasClip": false, "Lang": "en", "Page": 0, "Path": "//Document/P[2]", "Text": "A quantum computer is a computer that exploits quantum mechanical phenomena. At small scales, physical matter exhibits properties of both particles and waves, and quantum computing leverages this behavior using specialized hardware. Classical physics cannot explain the operation of these quantum devices, and a scalable quantum computer could perform some calculations exponentially faster than any modern \"classical\" computer. In particular, a large-scale quantum computer could break widely used encryption schemes and aid physicists in performing physical simulations; however, the current state of the art is largely experimental and impractical. ", "TextSize": 13.0, "attributes": {"LineHeight": 14.375, "TextAlign": "Justify"}}, {"Bounds": [26.587493896484375, 14.44500732421875, 586.0350036621094, 775.9875030517578], "ClipBounds": [377.0150146484375, 502.4419860839844, 576.5870361328125, 640.4559936523438], "Page": 0, "Path": "//Document/Figure", "attributes": {"BBox": [377.2649999999994, 502.69199999999546, 576.3369999999995, 640.2059999999765], "Placement": "Block"}}, {"Bounds": [380.3999938964844, 474.0267028808594, 567.0684509277344, 501.5267028808594], "Font": {"alt_family_name": "* Arial", "embedded": true, "encoding": "Identity-H", "family_name": "* Arial", "font_type": "CIDFontType0", "italic": false, "monospaced": false, "name": "*Arial-5229", "subset": false, "weight": 400}, "HasClip": false, "Lang": "en", "Page": 0, "Path": "//Document/P[3]", "Text": "IBM Q System One, a quantum computer with 20 superconductinggubitslll ", "TextSize": 10.0, "attributes": {"LineHeight": 15.125, "SpaceAfter": 11.75}}, {"Bounds": [36.49200439453125, 361.67799377441406, 580.9211120605469, 462.6524963378906], "Font": {"alt_family_name": "* Times New Roman", "embedded": true, "encoding": "Identity-H", "family_name": "* Times New Roman", "font_type": "CIDFontType0", "italic": false, "monospaced": false, "name": "*Times New Roman-5222", "subset": false, "weight": 400}, "HasClip": false, "Lang": "en", "Page": 0, "Path": "//Document/P[4]", "Text": "The basic unit of information in quantum computing is the qubit, similar to the bit in traditional digital electronics. Unlike a classical bit, a qubit can exist in a superposition of its two \"basis\" states, which loosely means that it is in both states simultaneously. When measuring a qubit, the result is a probabilistic output of a classical bit. If a quantum computer manipulates the qubit in a particular way, wave interference effects can amplify the desired measurement results. The design of quantum algorithms involves creating procedures that allow a quantum computer to perform calculations efficiently and quickly. ", "TextSize": 13.0, "attributes": {"LineHeight": 14.375, "SpaceAfter": 11.75}}, {"Bounds": [36.50300598144531, 263.3392028808594, 580.9714202880859, 350.16709899902344], "Font": {"alt_family_name": "* Times New Roman", "embedded": true, "encoding": "Identity-H", "family_name": "* Times New Roman", "font_type": "CIDFontType0", "italic": false, "monospaced": false, "name": "*Times New Roman-5222", "subset": false, "weight": 400}, "HasClip": false, "Lang": "en", "Page": 0, "Path": "//Document/P[5]", "Text": "Physically engineering high-quality qubits has proven challenging. If a physical qubit is not sufficiently isolated from its environment, it suffers from quantum decoherence, introducing noise into calculations. National governments have invested heavily in experimental research that aims to develop scalable qubits with longer coherence times and lower error rates. Two of the most promising technologies are superconductors (which isolate an electrical current by eliminating electrical resistance) and ion traps (which confine a single atomic particle using electromagnetic fields). ", "TextSize": 13.0, "attributes": {"LineHeight": 14.375, "SpaceAfter": 11.875, "TextAlign": "Justify"}}, {"Bounds": [36.22700500488281, 106.50430297851562, 581.1858978271484, 251.75840759277344], "Font": {"alt_family_name": "* Times New Roman", "embedded": true, "encoding": "Identity-H", "family_name": "* Times New Roman", "font_type": "CIDFontType0", "italic": false, "monospaced": false, "name": "*Times New Roman-5222", "subset": false, "weight": 400}, "HasClip": false, "Lang": "en", "Page": 0, "Path": "//Document/P[6]", "Text": "Any computational problem that can be solved by a classical computer can also be solved by a quantum computer.[21 Conversely, any problem that can be solved by a quantum computer can also be solved by a classical computer, at least in principle given enough time. In other words, quantum computers obey the Church-Turing thesis. This means that while quantum computers provide no additional advantages over classical computers in terms of computability, quantum algorithms for certain problems have significantly lower time complexities than corresponding known classical algorithms. Notably, quantum computers are believed to be able to solve many problems quickly that no classical computer could solve in any feasible amount of time-a feat known as \"quantum supremacy.\" The study of the computational complexity of problems with respect to quantum computers is known as quantum complexity theory. ", "TextSize": 13.0, "attributes": {"LineHeight": 14.5, "SpaceAfter": 13.625, "TextAlign": "Justify"}}, {"Bounds": [36.96000671386719, 69.43060302734375, 112.27609252929688, 86.54960632324219], "Font": {"alt_family_name": "* Times New Roman", "embedded": true, "encoding": "Identity-H", "family_name": "* Times New Roman", "font_type": "CIDFontType0", "italic": false, "monospaced": false, "name": "*Times New Roman-Bold-5221", "subset": false, "weight": 700}, "HasClip": false, "Lang": "en", "Page": 0, "Path": "//Document/H1", "Text": "History ", "TextSize": 19.0, "attributes": {"LineHeight": 22.75, "SpaceAfter": 18}}, {"Bounds": [26.587493896484375, 14.44500732421875, 586.0350036621094, 775.9875030517578], "ClipBounds": [36.1199951171875, 628.7969970703125, 407.8307189941406, 660.0159912109375], "Page": 1, "Path": "//Document/P[7]/Figure", "attributes": {"BBox": [36.71849999999904, 629.0469999999914, 404.98399999999674, 659.7649999999849]}}, {"Bounds": [26.587493896484375, 14.44500732421875, 586.0350036621094, 775.9875030517578], "ClipBounds": [36.1199951171875, 628.7969970703125, 407.87701416015625, 764.0070037841797], "Font": {"alt_family_name": "* Times New Roman", "embedded": true, "encoding": "Identity-H", "family_name": "* Times New Roman", "font_type": "CIDFontType0", "italic": false, "monospaced": false, "name": "*Times New Roman-11788", "subset": false, "weight": 400}, "HasClip": false, "Lang": "en", "Page": 1, "Path": "//Document/P[7]", "Text": "For many years, the fields of quantum mechanics and computer science formed distinct academic communities. L3J Modern quantum theory developed in the 192Os to explain the wave-particle duality observed at atomic scales, [4] and digital computers emerged in the following decades to replace human computers for tedious calculations. [5J Both disciplines had practical applications during World War II; computers played a major role in wartime ", "TextSize": 13.0, "attributes": {"LineHeight": 15, "TextAlign": "Justify"}}, {"Bounds": [26.587493896484375, 14.44500732421875, 586.0350036621094, 775.9875030517578], "ClipBounds": [423.2130126953125, 641.39599609375, 576.0090179443359, 757.0910034179688], "Page": 1, "Path": "//Document/Figure[2]", "attributes": {"BBox": [423.4629999999888, 641.6459999999788, 572.9769999999844, 756.8409999999858], "Placement": "Block"}}, {"Bounds": [425.52000427246094, 587.2610931396484, 558.8895263671875, 639.9158935546875], "Font": {"alt_family_name": "* Arial", "embedded": true, "encoding": "Identity-H", "family_name": "* Arial", "font_type": "CIDFontType0", "italic": false, "monospaced": false, "name": "*Arial-11800", "subset": false, "weight": 400}, "HasClip": false, "Lang": "en", "Page": 1, "Path": "//Document/Aside/P", "Text": "The Mach-Zehnder interferometer shows that photons can exhibit wave-like interference. ", "TextSize": 10.0, "attributes": {"LineHeight": 14, "SpaceAfter": -30}}, {"Bounds": [26.587493896484375, 14.44500732421875, 586.0350036621094, 775.9875030517578], "ClipBounds": [89.98600769042969, 498.72198486328125, 293.52000427246094, 514.3410034179688], "Page": 1, "Path": "//Document/P[8]/Figure", "attributes": {"BBox": [90.23629999999685, 498.9719999999943, 293.1479999999865, 514.0909999999858]}}, {"Bounds": [26.587493896484375, 14.44500732421875, 586.0350036621094, 775.9875030517578], "ClipBounds": [369.81500244140625, 498.83799743652344, 480.7752990722656, 513.8704071044922], "Page": 1, "Path": "//Document/P[8]/Figure[2]", "attributes": {"BBox": [370.0649999999878, 501.3719999999885, 480.09999999999127, 513.3709999999846]}}, {"Bounds": [26.587493896484375, 14.44500732421875, 586.0350036621094, 775.9875030517578], "ClipBounds": [36.24000549316406, 468.7229919433594, 277.3358154296875, 484.34197998046875], "Page": 1, "Path": "//Document/P[8]/Figure[3]", "attributes": {"BBox": [36.71849999999904, 468.97299999999814, 272.8689999999915, 484.0929999999935]}}, {"Bounds": [26.587493896484375, 14.44500732421875, 586.0350036621094, 775.9875030517578], "ClipBounds": [420.7200012207031, 468.7229919433594, 502.35679626464844, 486.99070739746094], "Page": 1, "Path": "//Document/P[8]/Figure[4]", "attributes": {"BBox": [421.18299999999, 468.97299999999814, 499.8999999999942, 484.0929999999935]}}, {"Bounds": [26.587493896484375, 14.44500732421875, 586.0350036621094, 775.9875030517578], "ClipBounds": [36.24000549316406, 468.7229919433594, 581.1830291748047, 617.7940063476562], "Font": {"alt_family_name": "* Times New Roman", "embedded": true, "encoding": "Identity-H", "family_name": "* Times New Roman", "font_type": "CIDFontType0", "italic": false, "monospaced": false, "name": "*Times New Roman-11788", "subset": false, "weight": 400}, "HasClip": false, "Lang": "en", "Page": 1, "Path": "//Document/P[8]", "Text": "As physicists applied quantum mechanical models to computational problems and swapped digital bits for qubits, the fields of quantum mechanics and computer science began to converge. In 1980, Paul Benioff introduced the quantum Turing machine, which uses quantum theory to describe a simplified computer.LS] When digital computers became faster, physicists faced an exponential increase in overhead when simulating quantum dynamics, [9J prompting Yuri Manin and Richard Feynman to independently suggest that hardware based on quantum for computer In a 1984 paper, Charles Bennett and Gilles Brassard applied quantum theory to cryptography protocols and could enhance information ", "TextSize": 13.0, "attributes": {"LineHeight": 14.875, "SpaceAfter": 12}}, {"Bounds": [26.587493896484375, 14.44500732421875, 586.0350036621094, 775.9875030517578], "ClipBounds": [36.1199951171875, 409.8059997558594, 407.96656799316406, 444.9277038574219], "Page": 1, "Path": "//Document/P[9]/Figure", "attributes": {"BBox": [36.71849999999904, 410.05599999999686, 404.98399999999674, 442.0939999999973]}}, {"Bounds": [26.587493896484375, 14.44500732421875, 586.0350036621094, 775.9875030517578], "ClipBounds": [35.26899719238281, 351.24798583984375, 221.35855102539062, 372.8399963378906], "Page": 1, "Path": "//Document/P[9]/Figure[2]", "attributes": {"BBox": [35.518599999999424, 351.4979999999923, 218.15099999999802, 368.41699999998673]}}, {"Bounds": [26.587493896484375, 14.44500732421875, 586.0350036621094, 775.9875030517578], "ClipBounds": [36.1199951171875, 322.8089904785156, 97.48170471191406, 338.6679992675781], "Page": 1, "Path": "//Document/P[9]/Figure[3]", "attributes": {"BBox": [36.71849999999904, 323.05899999999383, 94.91609999999855, 338.41799999999057]}}, {"Bounds": [26.587493896484375, 14.44500732421875, 586.0350036621094, 775.9875030517578], "ClipBounds": [294.4580078125, 323.09800720214844, 407.4490509033203, 338.66802978515625], "Page": 1, "Path": "//Document/P[9]/Figure[4]", "attributes": {"BBox": [294.7079999999987, 325.458999999988, 404.98399999999674, 338.41799999999057]}}, {"Bounds": [26.587493896484375, 14.44500732421875, 586.0350036621094, 775.9875030517578], "ClipBounds": [199.90199279785156, 306.1300048828125, 335.373046875, 322.41729736328125], "Page": 1, "Path": "//Document/P[9]/Figure[5]", "attributes": {"BBox": [200.1519999999946, 306.3799999999901, 332.025999999998, 319.458999999988]}}, {"Bounds": [26.587493896484375, 14.44500732421875, 586.0350036621094, 775.9875030517578], "ClipBounds": [284.6180114746094, 277.9309997558594, 407.7011260986328, 293.54998779296875], "Page": 1, "Path": "//Document/P[9]/Figure[6]", "attributes": {"BBox": [284.86799999998766, 278.18099999999686, 403.903999999995, 293.29999999998836]}}, {"Bounds": [26.587493896484375, 14.44500732421875, 586.0350036621094, 775.9875030517578], "ClipBounds": [35.26899719238281, 233.11019897460938, 408.080078125, 456.9340057373047], "Font": {"alt_family_name": "* Times New Roman", "embedded": true, "encoding": "Identity-H", "family_name": "* Times New Roman", "font_type": "CIDFontType0", "italic": false, "monospaced": false, "name": "*Times New Roman-11788", "subset": false, "weight": 400}, "HasClip": false, "Lang": "en", "Page": 1, "Path": "//Document/P[9]", "Text": "Quantum algorithms then emerged for solving oracle problems, such not solve practical problems, but demonstrated mathematically that one could gain more information by querying a black box with a quantum state in superposition, sometimes referred to as quantum on these results with his 1994 algorithms for breaking the widely used RSA and Diffie-Hellman protocols, L19J which drew significant of quantum computing.L20J In established a quantum speedup for the widely applicable unstructured search problem.L21JL22J The same year, Seth Lloyd computers could simulate quantum systems without the exponential overhead present in classical simulations,L23J validating Feynman's 1982 conjecture. L24J ", "TextSize": 13.0, "attributes": {"LineHeight": 14.875, "TextAlign": "Justify"}}, {"Bounds": [26.587493896484375, 14.44500732421875, 586.0350036621094, 775.9875030517578], "ClipBounds": [422.13299560546875, 252.73199462890625, 576.5869750976562, 449.0639953613281], "Page": 1, "Path": "//Document/Figure[3]", "attributes": {"BBox": [422.3829999999871, 252.98199999999633, 576.3369999999995, 448.8139999999985], "Placement": "Block"}}, {"Bounds": [425.5242004394531, 184.19760131835938, 554.4162292480469, 250.32000732421875], "Font": {"alt_family_name": "* Arial", "embedded": true, "encoding": "Identity-H", "family_name": "* Arial", "font_type": "CIDFontType0", "italic": false, "monospaced": false, "name": "*Arial-11800", "subset": false, "weight": 400}, "HasClip": false, "Lang": "en", "Page": 1, "Path": "//Document/Aside[2]/P", "Text": "Peter Shor (pictured here in 2017)showedin 1994thata scalable quantum computer would be able to break RSA encryption. ", "TextSize": 10.0, "attributes": {"LineHeight": 13.875, "SpaceAfter": -36.75}}, {"Bounds": [26.587493896484375, 14.44500732421875, 586.0350036621094, 775.9875030517578], "ClipBounds": [89.26600646972656, 189.73399353027344, 253.53988647460938, 206.43299865722656], "Page": 1, "Path": "//Document/P[10]/Figure", "attributes": {"BBox": [89.51639999999679, 189.98399999999674, 251.14999999999418, 206.18399999999383]}}, {"Bounds": [26.587493896484375, 14.44500732421875, 586.0350036621094, 775.9875030517578], "ClipBounds": [278.0399932861328, 189.73399353027344, 389.9063262939453, 209.01280212402344], "Page": 1, "Path": "//Document/P[10]/Figure[2]", "attributes": {"BBox": [278.62899999998626, 189.98399999999674, 387.583999999988, 205.7039999999979]}}, {"Bounds": [26.587493896484375, 14.44500732421875, 586.0350036621094, 775.9875030517578], "ClipBounds": [115.55999755859375, 115.697998046875, 307.0646514892578, 134.19400024414062], "Page": 1, "Path": "//Document/P[10]/Figure[3]", "attributes": {"BBox": [116.15499999999884, 115.94799999999668, 303.4679999999935, 131.30699999999342]}}, {"Bounds": [26.587493896484375, 14.44500732421875, 586.0350036621094, 775.9875030517578], "ClipBounds": [36.47999572753906, 100.21180725097656, 580.5253143310547, 221.31100463867188], "Font": {"alt_family_name": "* Times New Roman", "embedded": true, "encoding": "Identity-H", "family_name": "* Times New Roman", "font_type": "CIDFontType0", "italic": false, "monospaced": false, "name": "*Times New Roman-11788", "subset": false, "weight": 400}, "HasClip": false, "Lang": "en", "Page": 1, "Path": "//Document/P[10]", "Rotation": 2.6856536865234375, "Skew": 2.6856536865234375, "Text": "Over the years, experimentalists have constructed small-scale quantum and In 1998, a two-qubit quantum computer demonstrated the feasibility of the technology,L26JL27J and subsequent experiments have increased the number of qubits and reduced error rates. L25J In 2019, Google AI and NASA announced that they had achieved quantum supremacy with a 54-qubit machine, performing a computation that is impossible for However, the validity of this claim is still being actively researched. [31][32] ", "TextSize": 13.0, "attributes": {"LineHeight": 15.125, "SpaceAfter": 12}}, {"Bounds": [36.47999572753906, 27.908798217773438, 580.8623809814453, 91.23820495605469], "Font": {"alt_family_name": "* Times New Roman", "embedded": true, "encoding": "Identity-H", "family_name": "* Times New Roman", "font_type": "CIDFontType0", "italic": false, "monospaced": false, "name": "*Times New Roman-11788", "subset": false, "weight": 400}, "HasClip": false, "Lang": "en", "Page": 1, "Path": "//Document/P[11]", "Text": "The threshold theorem shows how increasing the number of qubits can mitigate errors, [33] yet fully fault-tolerant quantum computing remains \"a rather distant dream\".L34J According to some researchers, noisy intermediate-scale quantum (NISQ) machines may have specialized uses in the near future, but noise in quantum gates limits their reliability. [34] ", "TextSize": 13.0, "attributes": {"LineHeight": 15.125, "SpaceAfter": 4.75, "TextAlign": "Justify"}}, {"Bounds": [26.587493896484375, 14.44500732421875, 586.0350036621094, 775.9875030517578], "Page": 2, "Path": "//Document/Figure[4]", "attributes": {"BBox": [26.63889999999992, 14.43159999999989, 586.0559999999823, 776.0409999999974], "Placement": "Block"}}, {"Bounds": [26.587493896484375, 14.44500732421875, 586.0350036621094, 775.9875030517578], "ClipBounds": [26.587493896484375, 14.44500732421875, 586.0350036621094, 775.9875030517578], "Page": 3, "Path": "//Document/Figure[5]", "attributes": {"BBox": [26.63889999999992, 14.43159999999989, 586.0559999999823, 776.0409999999974], "Placement": "Block"}}, {"Bounds": [36.24000549316406, 731.8484039306641, 542.1410675048828, 762.0473937988281], "Font": {"alt_family_name": "* Times New Roman", "embedded": true, "encoding": "Identity-H", "family_name": "* Times New Roman", "font_type": "CIDFontType0", "italic": false, "monospaced": false, "name": "*Times New Roman-16309", "subset": false, "weight": 400}, "HasClip": false, "Lang": "en", "Page": 4, "Path": "//Document/P[12]", "Text": "before) to the second qubit if and only if the first qubit is in the state 11). If the first qubit is IO), nothing is done to either qubit. ", "TextSize": 13.0, "attributes": {"LineHeight": 16.5, "SpaceAfter": 18}}, {"Bounds": [36.447998046875, 650.7257995605469, 581.2366790771484, 707.2319946289062], "Font": {"alt_family_name": "* Times New Roman", "embedded": true, "encoding": "Identity-H", "family_name": "* Times New Roman", "font_type": "CIDFontType0", "italic": false, "monospaced": false, "name": "*Times New Roman-16309", "subset": false, "weight": 400}, "HasClip": false, "Lang": "en", "Page": 4, "Path": "//Document/P[13]", "Text": "In summary, a quantum computation can be described as a network of quantum logic gates and measurements. However, any measurement can be deferred to the end of quantum computation, though this deferment may come at a computational cost, so most quantum circuits depict a network consisting only of quantum logic gates and no measurements. ", "TextSize": 13.0, "attributes": {"LineHeight": 14.25, "SpaceAfter": 18, "TextAlign": "Justify"}}, {"Bounds": [36.96000671386719, 610.7185974121094, 179.09902954101562, 623.9346008300781], "Font": {"alt_family_name": "* Arial", "embedded": true, "encoding": "Identity-H", "family_name": "* Arial", "font_type": "CIDFontType0", "italic": false, "monospaced": false, "name": "*Arial-Bold-16315", "subset": false, "weight": 700}, "HasClip": false, "Lang": "en", "Page": 4, "Path": "//Document/H2", "Text": "Quantum parallelism ", "TextSize": 14.0, "attributes": {"LineHeight": 16.75, "SpaceAfter": 14}}, {"Bounds": [36.477996826171875, 508.5659942626953, 580.8394470214844, 595.3784942626953], "Font": {"alt_family_name": "* Times New Roman", "embedded": true, "encoding": "Identity-H", "family_name": "* Times New Roman", "font_type": "CIDFontType0", "italic": false, "monospaced": false, "name": "*Times New Roman-16309", "subset": false, "weight": 400}, "HasClip": false, "Lang": "en", "Page": 4, "Path": "//Document/P[14]", "Text": "Quantum parallelism refers to the ability of quantum computers to evaluate a function for multiple input values simultaneously. This can be achieved by preparing a quantum system in a superposition of input states, and applying a unitary transformation that encodes the function to be evaluated. The resulting state encodes the function's output values for all input values in the superposition, allowing for the computation of multiple outputs simultaneously. This property is key to the speedup of many quantum algorithms. [iS] ", "TextSize": 13.0, "attributes": {"LineHeight": 14.625, "SpaceAfter": 18, "TextAlign": "Justify"}}, {"Bounds": [36.96000671386719, 468.8419952392578, 196.01390075683594, 482.05799865722656], "Font": {"alt_family_name": "* Arial", "embedded": true, "encoding": "Identity-H", "family_name": "* Arial", "font_type": "CIDFontType0", "italic": false, "monospaced": false, "name": "*Arial-Bold-16315", "subset": false, "weight": 700}, "HasClip": false, "Lang": "en", "Page": 4, "Path": "//Document/H2[2]", "Text": "Quantum programming ", "TextSize": 14.0, "attributes": {"LineHeight": 16.75}}, {"Bounds": [36.47999572753906, 424.6239929199219, 580.4065704345703, 453.4320068359375], "Font": {"alt_family_name": "* Times New Roman", "embedded": true, "encoding": "Identity-H", "family_name": "* Times New Roman", "font_type": "CIDFontType0", "italic": false, "monospaced": false, "name": "*Times New Roman-16309", "subset": false, "weight": 400}, "HasClip": false, "Lang": "en", "Page": 4, "Path": "//Document/P[15]", "Text": "There are a number of models of computation for quantum computing, distinguished by the basic elements in which the computation is decomposed. ", "TextSize": 13.0, "attributes": {"LineHeight": 15.125, "SpaceAfter": 18}}, {"Bounds": [36.96000671386719, 388.13999938964844, 99.0882568359375, 399.45599365234375], "Font": {"alt_family_name": "* Arial", "embedded": true, "encoding": "Identity-H", "family_name": "* Arial", "font_type": "CIDFontType0", "italic": false, "monospaced": false, "name": "*Arial-Bold-16314", "subset": false, "weight": 700}, "HasClip": false, "Lang": "en", "Page": 4, "Path": "//Document/H3", "Text": "Gate array ", "TextSize": 12.0, "attributes": {"LineHeight": 14.375, "SpaceAfter": 12.625}}, {"Bounds": [36.24000549316406, 259.6136932373047, 370.37049865722656, 373.9320068359375], "Font": {"alt_family_name": "* Times New Roman", "embedded": true, "encoding": "Identity-H", "family_name": "* Times New Roman", "font_type": "CIDFontType0", "italic": false, "monospaced": false, "name": "*Times New Roman-16309", "subset": false, "weight": 400}, "HasClip": false, "Lang": "en", "Page": 4, "Path": "//Document/P[16]", "Text": "A quantum gate array decomposes computation into a sequence of few-qubit quantum gates. A quantum computation can be described as a network of quantum logic gates and measurements. However, any measurement can be deferred to the end of quantum computation, though this deferment may come at a computational cost, so most quantum circuits depict a network consisting only of quantum logic gates and no measurements. ", "TextSize": 13.0, "attributes": {"LineHeight": 14.375, "SpaceAfter": 18, "TextAlign": "Justify"}}, {"Bounds": [26.587493896484375, 14.44500732421875, 586.0350036621094, 775.9875030517578], "ClipBounds": [385.8940124511719, 297.6099853515625, 574.426025390625, 376.8269958496094], "Page": 4, "Path": "//Document/Figure[6]", "attributes": {"BBox": [386.1439999999857, 297.85999999998603, 574.176999999996, 376.5769999999902], "Placement": "Block"}}, {"Bounds": [36.24000549316406, 146.24310302734375, 580.9199676513672, 246.0186004638672], "Font": {"alt_family_name": "* Times New Roman", "embedded": true, "encoding": "Identity-H", "family_name": "* Times New Roman", "font_type": "CIDFontType0", "italic": false, "monospaced": false, "name": "*Times New Roman-16309", "subset": false, "weight": 400}, "HasClip": false, "Lang": "en", "Page": 4, "Path": "//Document/P[17]", "Text": "Any quantum computation (which is, in the above formalism, any unitary matrix of size 2n x 2n over n qubits) can be represented as a network of quantum logic gates from a fairly small family of gates. A choice of gate family that enables this construction is known as a universal gate set, since a computer that can run such circuits is a universal quantum computer. One common such set includes all single\u00adqubit gates as well as the CNOT gate from above. This means any quantum computation can be performed by executing a sequence of single-qubit gates together with CNOT gates. Though this gate set is infinite, it can be replaced with a finite gate set by appealing to the Solovay-Kitaev theorem. ", "TextSize": 13.0, "attributes": {"LineHeight": 14.375, "SpaceAfter": 18, "TextAlign": "Justify"}}, {"Bounds": [37.19999694824219, 109.66409301757812, 274.19996643066406, 120.9801025390625], "Font": {"alt_family_name": "* Arial", "embedded": true, "encoding": "Identity-H", "family_name": "* Arial", "font_type": "CIDFontType0", "italic": false, "monospaced": false, "name": "*Arial-Bold-16314", "subset": false, "weight": 700}, "HasClip": false, "Lang": "en", "Page": 4, "Path": "//Document/H3[2]", "Text": "Measurement-based quantum computing ", "TextSize": 12.0, "attributes": {"LineHeight": 14.375, "SpaceAfter": 18}}, {"Bounds": [26.587493896484375, 14.44500732421875, 586.0350036621094, 775.9875030517578], "ClipBounds": [26.587493896484375, 14.44500732421875, 586.0350036621094, 775.9875030517578], "Page": 5, "Path": "//Document/Figure[7]", "attributes": {"BBox": [26.63889999999992, 14.43159999999989, 586.0559999999823, 776.0409999999974], "Placement": "Block"}}, {"Bounds": [26.587493896484375, 14.44500732421875, 586.0350036621094, 775.9875030517578], "Page": 6, "Path": "//Document/Figure[8]", "attributes": {"BBox": [26.63889999999992, 14.43159999999989, 586.0559999999823, 776.0409999999974], "Placement": "Block"}}, {"Bounds": [26.587493896484375, 14.44500732421875, 586.0350036621094, 775.9875030517578], "Page": 7, "Path": "//Document/Figure[9]", "attributes": {"BBox": [26.63889999999992, 14.43159999999989, 586.0559999999823, 776.0409999999974], "Placement": "Block"}}, {"Bounds": [36.727996826171875, 717.4779968261719, 580.8745727539062, 767.7297973632812], "Font": {"alt_family_name": "* Times New Roman", "embedded": true, "encoding": "Identity-H", "family_name": "* Times New Roman", "font_type": "CIDFontType0", "italic": false, "monospaced": false, "name": "*Times New Roman-21344", "subset": false, "weight": 400}, "HasClip": false, "Lang": "en", "Page": 8, "Path": "//Document/P[18]", "Text": "energy efficiency of production. [72] It is expected that an early use of quantum computing will be modeling that improves the efficiency of the Haber-Bosch process[73] by the mid 202os[74] although some have predicted it will take longer. [75] ", "TextSize": 13.0, "attributes": {"LineHeight": 15.375, "SpaceAfter": 18, "TextAlign": "Justify"}}, {"Bounds": [36.96000671386719, 676.6938934326172, 171.76564025878906, 690.0498962402344], "Font": {"alt_family_name": "* Arial", "embedded": true, "encoding": "Identity-H", "family_name": "* Arial", "font_type": "CIDFontType0", "italic": false, "monospaced": false, "name": "*Arial-Bold-21348", "subset": false, "weight": 700}, "HasClip": false, "Lang": "en", "Page": 8, "Path": "//Document/H2[3]", "Text": "Quantum annealing ", "TextSize": 14.0, "attributes": {"LineHeight": 16.75, "SpaceAfter": 13.875}}, {"Bounds": [36.468994140625, 589.8500061035156, 580.9220123291016, 663.1504058837891], "Font": {"alt_family_name": "* Times New Roman", "embedded": true, "encoding": "Identity-H", "family_name": "* Times New Roman", "font_type": "CIDFontType0", "italic": false, "monospaced": false, "name": "*Times New Roman-21344", "subset": false, "weight": 400}, "HasClip": false, "Lang": "en", "Page": 8, "Path": "//Document/P[19]", "Text": "Quantum annealing relies on the adiabatic theorem to undertake calculations. A system is placed in the ground state for a simple Hamiltonian, which slowly evolves to a more complicated Hamiltonian whose ground state represents the solution to the problem in question. The adiabatic theorem states that if the evolution is slow enough the system will stay in its ground state at all times through the process. Adiabatic optimization may be helpful for solving computational biology problems. [76] ", "TextSize": 13.0, "attributes": {"LineHeight": 14.75, "SpaceAfter": 18, "TextAlign": "Justify"}}, {"Bounds": [37.44000244140625, 549.8215026855469, 155.59197998046875, 563.1775054931641], "Font": {"alt_family_name": "* Arial", "embedded": true, "encoding": "Identity-H", "family_name": "* Arial", "font_type": "CIDFontType0", "italic": false, "monospaced": false, "name": "*Arial-Bold-21348", "subset": false, "weight": 700}, "HasClip": false, "Lang": "en", "Page": 8, "Path": "//Document/H2[4]", "Text": "Machine learning ", "TextSize": 14.0, "attributes": {"LineHeight": 16.75, "SpaceAfter": 14.125}}, {"Bounds": [36.96000671386719, 490.74009704589844, 580.8302764892578, 535.4730987548828], "Font": {"alt_family_name": "* Times New Roman", "embedded": true, "encoding": "Identity-H", "family_name": "* Times New Roman", "font_type": "CIDFontType0", "italic": false, "monospaced": false, "name": "*Times New Roman-21344", "subset": false, "weight": 400}, "HasClip": false, "Lang": "en", "Page": 8, "Path": "//Document/P[20]", "Text": "Since quantum computers can produce outputs that classical computers cannot produce efficiently, and since quantum computation is fundamentally linear algebraic, some express hope in developing quantum algorithms that can speed up machine learning tasks.[77][34] ", "TextSize": 13.0, "attributes": {"LineHeight": 15.125, "SpaceAfter": 10.875, "TextAlign": "Justify"}}, {"Bounds": [36.464996337890625, 419.15330505371094, 580.8203125, 479.3995056152344], "Font": {"alt_family_name": "* Times New Roman", "embedded": true, "encoding": "Identity-H", "family_name": "* Times New Roman", "font_type": "CIDFontType0", "italic": false, "monospaced": false, "name": "*Times New Roman-21344", "subset": false, "weight": 400}, "HasClip": false, "Lang": "en", "Page": 8, "Path": "//Document/P[21]", "Text": "For example, the quantum algorithm for linear systems of equations, or \"HHL Algorithm\", named after its discoverers Harrow, Hassidim, and Lloyd, is believed to provide speedup over classical counterparts. [78J[34J Some research groups have recently explored the use of quantum annealing hardware for training Boltzmann machines and deep neural networks_[79][8o][81J ", "TextSize": 13.0, "attributes": {"LineHeight": 15.125, "SpaceAfter": 11.375, "TextAlign": "Justify"}}, {"Bounds": [36.70599365234375, 304.71400451660156, 580.7813568115234, 407.9409942626953], "Font": {"alt_family_name": "* Times New Roman", "embedded": true, "encoding": "Identity-H", "family_name": "* Times New Roman", "font_type": "CIDFontType0", "italic": false, "monospaced": false, "name": "*Times New Roman-21344", "subset": false, "weight": 400}, "HasClip": false, "Lang": "en", "Page": 8, "Path": "//Document/P[22]", "Text": "Deep generative chemistry models emerge as powerful tools to expedite drug discovery. However, the immense size and complexity of the structural space of all possible drug-like molecules pose significant obstacles, which could be overcome in the future by quantum computers. Quantum computers are naturally good for solving complex quantum many-body problems[23J and thus may be instrumental in applications involving quantum chemistry. Therefore, one can expect that quantum\u00adenhanced generative models[82J including quantum GANs[83] may eventually be developed into ultimate generative chemistry algorithms. ", "TextSize": 13.0, "attributes": {"LineHeight": 14.75, "SpaceAfter": 13.125, "TextAlign": "Justify"}}, {"Bounds": [37.09800720214844, 267.4759979248047, 155.0275421142578, 284.99400329589844], "Font": {"alt_family_name": "* Times New Roman", "embedded": true, "encoding": "Identity-H", "family_name": "* Times New Roman", "font_type": "CIDFontType0", "italic": false, "monospaced": false, "name": "*Times New Roman-Bold-21345", "subset": false, "weight": 700}, "HasClip": false, "Lang": "en", "Page": 8, "Path": "//Document/H1[2]", "Text": "Engineering ", "TextSize": 19.0, "attributes": {"LineHeight": 22.75, "SpaceAfter": 18}}, {"Bounds": [37.19999694824219, 224.1363983154297, 114.62254333496094, 237.49240112304688], "Font": {"alt_family_name": "* Arial", "embedded": true, "encoding": "Identity-H", "family_name": "* Arial", "font_type": "CIDFontType0", "italic": false, "monospaced": false, "name": "*Arial-Bold-21348", "subset": false, "weight": 700}, "HasClip": false, "Lang": "en", "Page": 8, "Path": "//Document/H2[5]", "Text": "Challenges ", "TextSize": 14.0, "attributes": {"LineHeight": 16.75, "SpaceAfter": 13.875}}, {"Bounds": [36.4739990234375, 164.0, 392.3382873535156, 209.76100158691406], "Font": {"alt_family_name": "* Times New Roman", "embedded": true, "encoding": "Identity-H", "family_name": "* Times New Roman", "font_type": "CIDFontType0", "italic": false, "monospaced": false, "name": "*Times New Roman-21344", "subset": false, "weight": 400}, "HasClip": false, "Lang": "en", "Page": 8, "Path": "//Document/P[23]", "Text": "There are a number of technical challenges in building a large\u00adscale quantum computer.[84] Physicist David DiVincenzo has listed these requirements for a practical quantum computer: [85] ", "TextSize": 13.0, "attributes": {"LineHeight": 15.5, "SpaceAfter": 18, "TextAlign": "Justify"}}, {"Bounds": [43.91999816894531, 138.27259826660156, 49.5377197265625, 145.9365997314453], "Font": {"alt_family_name": "* Arial", "embedded": true, "encoding": "Identity-H", "family_name": "* Arial", "font_type": "CIDFontType0", "italic": false, "monospaced": false, "name": "*Arial-21346", "subset": false, "weight": 400}, "HasClip": false, "Page": 8, "Path": "//Document/L/LI/Lbl", "Text": "\u25a0 ", "TextSize": 8.0}, {"Bounds": [56.63999938964844, 137.37660217285156, 334.12110900878906, 151.94960021972656], "Font": {"alt_family_name": "* Times New Roman", "embedded": true, "encoding": "Identity-H", "family_name": "* Times New Roman", "font_type": "CIDFontType0", "italic": false, "monospaced": false, "name": "*Times New Roman-21344", "subset": false, "weight": 400}, "HasClip": false, "Page": 8, "Path": "//Document/L/LI/LBody", "Text": "Physically scalable to increase the number of qubits ", "TextSize": 13.0}, {"Bounds": [43.91999816894531, 121.75360107421875, 49.5377197265625, 129.4176025390625], "Font": {"alt_family_name": "* Arial", "embedded": true, "encoding": "Identity-H", "family_name": "* Arial", "font_type": "CIDFontType0", "italic": false, "monospaced": false, "name": "*Arial-21346", "subset": false, "weight": 400}, "HasClip": false, "Page": 8, "Path": "//Document/L/LI[2]/Lbl", "Text": "\u25a0 ", "TextSize": 8.0}, {"Bounds": [56.160003662109375, 120.85760498046875, 307.69708251953125, 135.43060302734375], "Font": {"alt_family_name": "* Times New Roman", "embedded": true, "encoding": "Identity-H", "family_name": "* Times New Roman", "font_type": "CIDFontType0", "italic": false, "monospaced": false, "name": "*Times New Roman-21344", "subset": false, "weight": 400}, "HasClip": false, "Page": 8, "Path": "//Document/L/LI[2]/LBody", "Text": "Qubits that can be initialized to arbitrary values ", "TextSize": 13.0}, {"Bounds": [43.91999816894531, 105.30400085449219, 49.5377197265625, 112.96800231933594], "Font": {"alt_family_name": "* Arial", "embedded": true, "encoding": "Identity-H", "family_name": "* Arial", "font_type": "CIDFontType0", "italic": false, "monospaced": false, "name": "*Arial-21346", "subset": false, "weight": 400}, "HasClip": false, "Page": 8, "Path": "//Document/L/LI[3]/Lbl", "Text": "\u25a0 ", "TextSize": 8.0}, {"Bounds": [56.160003662109375, 104.40800476074219, 344.0580291748047, 118.98100280761719], "Font": {"alt_family_name": "* Times New Roman", "embedded": true, "encoding": "Identity-H", "family_name": "* Times New Roman", "font_type": "CIDFontType0", "italic": false, "monospaced": false, "name": "*Times New Roman-21344", "subset": false, "weight": 400}, "HasClip": false, "Page": 8, "Path": "//Document/L/LI[3]/LBody", "Text": "Quantum gates that are faster than decoherence time ", "TextSize": 13.0}, {"Bounds": [43.91999816894531, 88.74400329589844, 49.5377197265625, 96.40800476074219], "Font": {"alt_family_name": "* Arial", "embedded": true, "encoding": "Identity-H", "family_name": "* Arial", "font_type": "CIDFontType0", "italic": false, "monospaced": false, "name": "*Arial-21346", "subset": false, "weight": 400}, "HasClip": false, "Page": 8, "Path": "//Document/L/LI[4]/Lbl", "Text": "\u25a0 ", "TextSize": 8.0}, {"Bounds": [56.93699645996094, 87.84800720214844, 155.3394317626953, 102.42100524902344], "Font": {"alt_family_name": "* Times New Roman", "embedded": true, "encoding": "Identity-H", "family_name": "* Times New Roman", "font_type": "CIDFontType0", "italic": false, "monospaced": false, "name": "*Times New Roman-21344", "subset": false, "weight": 400}, "HasClip": false, "Page": 8, "Path": "//Document/L/LI[4]/LBody", "Text": "Universal gate set ", "TextSize": 13.0}, {"Bounds": [43.91999816894531, 72.18400573730469, 49.5377197265625, 79.84800720214844], "Font": {"alt_family_name": "* Arial", "embedded": true, "encoding": "Identity-H", "family_name": "* Arial", "font_type": "CIDFontType0", "italic": false, "monospaced": false, "name": "*Arial-21346", "subset": false, "weight": 400}, "HasClip": false, "Page": 8, "Path": "//Document/L/LI[5]/Lbl", "Text": "\u25a0 ", "TextSize": 8.0}, {"Bounds": [56.160003662109375, 71.28799438476562, 220.82809448242188, 85.86099243164062], "Font": {"alt_family_name": "* Times New Roman", "embedded": true, "encoding": "Identity-H", "family_name": "* Times New Roman", "font_type": "CIDFontType0", "italic": false, "monospaced": false, "name": "*Times New Roman-21344", "subset": false, "weight": 400}, "HasClip": false, "Page": 8, "Path": "//Document/L/LI[5]/LBody", "Text": "Qubits that can be read easily. ", "TextSize": 13.0}, {"Bounds": [26.587493896484375, 14.44500732421875, 586.0350036621094, 775.9875030517578], "ClipBounds": [407.8529968261719, 137.2969970703125, 576.5859985351562, 252.15200805664062], "Page": 8, "Path": "//Document/Figure[10]", "attributes": {"BBox": [408.10299999998824, 137.54699999999866, 576.3369999999995, 251.9019999999946], "Placement": "Block"}}, {"Bounds": [410.63999938964844, 107.8699951171875, 542.3855285644531, 133.8000030517578], "Font": {"alt_family_name": "* Arial", "embedded": true, "encoding": "Identity-H", "family_name": "* Arial", "font_type": "CIDFontType0", "italic": false, "monospaced": false, "name": "*Arial-21347", "subset": false, "weight": 400}, "HasClip": false, "Lang": "en", "Page": 8, "Path": "//Document/P[24]", "Text": "A wafer of adiabatic quantum computers ", "TextSize": 10.0, "attributes": {"LineHeight": 14.125}}, {"Bounds": [26.587493896484375, 14.44500732421875, 586.0350036621094, 775.9875030517578], "Page": 9, "Path": "//Document/Figure[11]", "attributes": {"BBox": [26.63889999999992, 14.43159999999989, 586.0559999999823, 776.0409999999974], "Placement": "Block"}}, {"Bounds": [26.587493896484375, 14.44500732421875, 586.0350036621094, 775.9875030517578], "Page": 10, "Path": "//Document/Figure[12]", "attributes": {"BBox": [26.63889999999992, 14.43159999999989, 586.0559999999823, 776.0409999999974], "Placement": "Block"}}, {"Bounds": [26.587493896484375, 14.44500732421875, 586.0350036621094, 775.9875030517578], "Page": 11, "Path": "//Document/Figure[13]", "attributes": {"BBox": [26.63889999999992, 14.43159999999989, 586.0559999999823, 776.0409999999974], "Placement": "Block"}}, {"Bounds": [26.587493896484375, 14.44500732421875, 586.0350036621094, 775.9875030517578], "Page": 12, "Path": "//Document/Figure[14]", "attributes": {"BBox": [26.63889999999992, 14.43159999999989, 586.0559999999823, 776.0409999999974], "Placement": "Block"}}, {"Bounds": [26.587493896484375, 14.44500732421875, 586.0350036621094, 775.9875030517578], "ClipBounds": [319.7770080566406, 196.81399536132812, 320.2770080566406, 206.6739959716797], "Page": 13, "Path": "//Document/Figure[15]", "attributes": {"BBox": [-3932.0, 4724.0, -3932.0, 4724.0], "Placement": "Block"}}, {"Bounds": [26.587493896484375, 14.44500732421875, 586.0350036621094, 775.9875030517578], "ClipBounds": [319.7770080566406, 227.7729949951172, 320.2770080566406, 239.79299926757812], "Page": 13, "Path": "//Document/Figure[16]", "attributes": {"BBox": [-3932.0, 4724.0, -3932.0, 4724.0], "Placement": "Block"}}, {"Bounds": [26.587493896484375, 14.44500732421875, 586.0350036621094, 775.9875030517578], "ClipBounds": [319.7770080566406, 246.2519989013672, 320.3970031738281, 256.35198974609375], "Page": 13, "Path": "//Document/Figure[17]", "attributes": {"BBox": [-3932.0, 4724.0, -3932.0, 4724.0], "Placement": "Block"}}, {"Bounds": [36.477996826171875, 469.3531951904297, 581.1319427490234, 763.6580963134766], "Font": {"alt_family_name": "* Times New Roman", "embedded": true, "encoding": "Identity-H", "family_name": "* Times New Roman", "font_type": "CIDFontType0", "italic": false, "monospaced": false, "name": "*Times New Roman-27679", "subset": false, "weight": 400}, "HasClip": false, "Lang": "en", "Page": 13, "Path": "//Document/P[25]", "Text": "The exact relationship of BQP to P, NP, and PSPACE is not known. However, it is known that PC BQP C PSPACE; that is, all problems that can be efficiently solved by a deterministic classical computer can also be efficiently solved by a quantum computer, and all problems that can be efficiently solved by a quantum computer can also be solved by a deterministic classical computer with polynomial space resources. It is further suspected that BQP is a strict superset of P, meaning there are problems that are efficiently solvable by quantum computers that are not efficiently solvable by deterministic classical computers. For instance, integer factorization and the discrete logarithm problem are known to be in BQP and are suspected to be outside of P. On the relationship of BQP to NP, little is known beyond the fact that some NP problems that are believed not to be in P are also in BQP (integer factorization and the discrete logarithm problem are both in NP, for example). It is suspected that NP % BQP; that is, it is believed that there are efficiently checkable problems that are not efficiently solvable by a quantum computer. As a direct consequence of this belief, it is also suspected that BQP is disjoint from the class of NP-complete problems (if an NP-complete problem were in BQP, then it would follow from NP-hardness that all problems in NP are in BQP).[1561 ", "TextSize": 13.0, "attributes": {"LineHeight": 14.625, "SpaceAfter": 18}}, {"Bounds": [26.587493896484375, 14.44500732421875, 586.0350036621094, 775.9875030517578], "ClipBounds": [407.8529968261719, 621.2369995117188, 574.4470672607422, 755.8919677734375], "Page": 13, "Path": "//Document/Figure[18]", "attributes": {"BBox": [408.10299999998824, 621.4869999999937, 573.4569999999949, 755.6409999999742], "Placement": "Block"}}, {"Bounds": [410.63999938964844, 579.5800018310547, 568.1741790771484, 620.7599945068359], "Font": {"alt_family_name": "* Arial", "embedded": true, "encoding": "Identity-H", "family_name": "* Arial", "font_type": "CIDFontType0", "italic": false, "monospaced": false, "name": "*Arial-27689", "subset": false, "weight": 400}, "HasClip": false, "Lang": "en", "Page": 13, "Path": "//Document/Aside[3]/P", "Text": "The suspected relationship of BQP to several classical complexity classe\u0141 ", "TextSize": 10.0, "attributes": {"LineHeight": 14.5, "SpaceAfter": 18}}, {"Bounds": [36.13499450683594, 303.3262023925781, 581.3314056396484, 458.9210968017578], "Font": {"alt_family_name": "* Times New Roman", "embedded": true, "encoding": "Identity-H", "family_name": "* Times New Roman", "font_type": "CIDFontType0", "italic": false, "monospaced": false, "name": "*Times New Roman-27679", "subset": false, "weight": 400}, "HasClip": false, "Lang": "en", "Page": 13, "Path": "//Document/P[26]", "Text": "It has been speculated that further advances in physics could lead to even faster computers. For instance, it has been shown that a non-local hidden variable quantum computer based on Bohmian Mechanics could implement a search of an N-item database in at most 0(\u0141) steps, a slight speedup over Grover's algorithm, which runs in 0(.JN) steps. Note, however, that neither search method would allow quantum computers to solve NP-complete problems in polynomial time.[1571 Theories of quantum gravity, such as M-theory and loop quantum gravity, may allow even faster computers to be built. However, defining computation in these theories is an open problem due to the problem of time; that is, within these physical theories there is currently no obvious way to describe what it means for an observer to submit input to a computer at one point in time and then receive output at a later point in time. [1581[1591 ", "TextSize": 13.0, "attributes": {"LineHeight": 15.5, "SpaceAfter": 13.125, "TextAlign": "Justify"}}, {"Bounds": [36.96000671386719, 271.05499267578125, 115.9903564453125, 284.8110046386719], "Font": {"alt_family_name": "* Times New Roman", "embedded": true, "encoding": "Identity-H", "family_name": "* Times New Roman", "font_type": "CIDFontType0", "italic": false, "monospaced": false, "name": "*Times New Roman-Bold-27677", "subset": false, "weight": 700}, "HasClip": false, "Lang": "en", "Page": 13, "Path": "//Document/H1[3]", "Text": "See also ", "TextSize": 19.0, "attributes": {"LineHeight": 22.75, "SpaceAfter": 17.125}}, {"Bounds": [43.91999816894531, 245.5756072998047, 49.5377197265625, 253.19960021972656], "Font": {"alt_family_name": "* Arial", "embedded": true, "encoding": "Identity-H", "family_name": "* Arial", "font_type": "CIDFontType0", "italic": false, "monospaced": false, "name": "*Arial-27685", "subset": false, "weight": 400}, "HasClip": false, "Page": 13, "Path": "//Document/L[2]/LI/Lbl", "Text": "\u25a0 ", "TextSize": 8.0}, {"Bounds": [56.63999938964844, 244.60159301757812, 151.65467834472656, 256.2756042480469], "Font": {"alt_family_name": "* Times New Roman", "embedded": true, "encoding": "Identity-H", "family_name": "* Times New Roman", "font_type": "CIDFontType0", "italic": false, "monospaced": false, "name": "*Times New Roman-27686", "subset": false, "weight": 400}, "HasClip": false, "Page": 13, "Path": "//Document/L[2]/LI/LBody", "Text": "D-Wave Systems ", "TextSize": 13.0}, {"Bounds": [43.91999816894531, 229.1439971923828, 49.5377197265625, 236.76800537109375], "Font": {"alt_family_name": "* Arial", "embedded": true, "encoding": "Identity-H", "family_name": "* Arial", "font_type": "CIDFontType0", "italic": false, "monospaced": false, "name": "*Arial-27685", "subset": false, "weight": 400}, "HasClip": false, "Page": 13, "Path": "//Document/L[2]/LI[2]/Lbl", "Text": "\u25a0 ", "TextSize": 8.0}, {"Bounds": [56.63999938964844, 228.1699981689453, 225.1202392578125, 239.843994140625], "Font": {"alt_family_name": "* Times New Roman", "embedded": true, "encoding": "Identity-H", "family_name": "* Times New Roman", "font_type": "CIDFontType0", "italic": false, "monospaced": false, "name": "*Times New Roman-27686", "subset": false, "weight": 400}, "HasClip": false, "Page": 13, "Path": "//Document/L[2]/LI[2]/LBody", "Text": "Electronic quantum holography ", "TextSize": 13.0}, {"Bounds": [43.91999816894531, 212.67970275878906, 49.5377197265625, 220.30369567871094], "Font": {"alt_family_name": "* Arial", "embedded": true, "encoding": "Identity-H", "family_name": "* Arial", "font_type": "CIDFontType0", "italic": false, "monospaced": false, "name": "*Arial-27685", "subset": false, "weight": 400}, "HasClip": false, "Page": 13, "Path": "//Document/L[2]/LI[3]/Lbl", "Text": "\u25a0 ", "TextSize": 8.0}, {"Bounds": [56.399993896484375, 211.70570373535156, 228.88430786132812, 223.37969970703125], "Font": {"alt_family_name": "* Times New Roman", "embedded": true, "encoding": "Identity-H", "family_name": "* Times New Roman", "font_type": "CIDFontType0", "italic": false, "monospaced": false, "name": "*Times New Roman-27686", "subset": false, "weight": 400}, "HasClip": false, "Page": 13, "Path": "//Document/L[2]/LI[3]/LBody", "Text": "Glossary of quantum computing ", "TextSize": 13.0}, {"Bounds": [43.91999816894531, 196.0240020751953, 49.5377197265625, 203.6479949951172], "Font": {"alt_family_name": "* Arial", "embedded": true, "encoding": "Identity-H", "family_name": "* Arial", "font_type": "CIDFontType0", "italic": false, "monospaced": false, "name": "*Arial-27685", "subset": false, "weight": 400}, "HasClip": false, "Page": 13, "Path": "//Document/L[2]/LI[4]/Lbl", "Text": "\u25a0 ", "TextSize": 8.0}, {"Bounds": [56.63999938964844, 197.62399291992188, 94.73307800292969, 206.51600646972656], "Font": {"alt_family_name": "* Times New Roman", "embedded": true, "encoding": "Identity-H", "family_name": "* Times New Roman", "font_type": "CIDFontType0", "italic": false, "monospaced": false, "name": "*Times New Roman-27687", "subset": false, "weight": 400}, "HasClip": false, "Page": 13, "Path": "//Document/L[2]/LI[4]/LBody", "Text": "IARPA ", "TextSize": 13.0}, {"Bounds": [43.91999816894531, 179.5426025390625, 49.5377197265625, 187.16659545898438], "Font": {"alt_family_name": "* Arial", "embedded": true, "encoding": "Identity-H", "family_name": "* Arial", "font_type": "CIDFontType0", "italic": false, "monospaced": false, "name": "*Arial-27685", "subset": false, "weight": 400}, "HasClip": false, "Page": 13, "Path": "//Document/L[2]/LI[5]/Lbl", "Text": "\u25a0 ", "TextSize": 8.0}, {"Bounds": [56.399993896484375, 178.62860107421875, 215.37725830078125, 190.30259704589844], "Font": {"alt_family_name": "* Times New Roman", "embedded": true, "encoding": "Identity-H", "family_name": "* Times New Roman", "font_type": "CIDFontType0", "italic": false, "monospaced": false, "name": "*Times New Roman-27686", "subset": false, "weight": 400}, "HasClip": false, "Page": 13, "Path": "//Document/L[2]/LI[5]/LBody", "Text": "List of emerging technologies ", "TextSize": 13.0}, {"Bounds": [43.91999816894531, 162.9420928955078, 49.5377197265625, 170.56610107421875], "Font": {"alt_family_name": "* Arial", "embedded": true, "encoding": "Identity-H", "family_name": "* Arial", "font_type": "CIDFontType0", "italic": false, "monospaced": false, "name": "*Arial-27685", "subset": false, "weight": 400}, "HasClip": false, "Page": 13, "Path": "//Document/L[2]/LI[6]/Lbl/StyleSpan", "Text": "\u25a0 ", "TextSize": 8.0, "attributes": {"TextPosition": "Sub"}}, {"Bounds": [56.399993896484375, 162.14810180664062, 204.004150390625, 173.8220977783203], "Font": {"alt_family_name": "* Times New Roman", "embedded": true, "encoding": "Identity-H", "family_name": "* Times New Roman", "font_type": "CIDFontType0", "italic": false, "monospaced": false, "name": "*Times New Roman-27686", "subset": false, "weight": 400}, "HasClip": false, "Page": 13, "Path": "//Document/L[2]/LI[6]/LBody", "Text": "List of quantum processors ", "TextSize": 13.0}, {"Bounds": [43.91999816894531, 146.78709411621094, 49.5377197265625, 154.41110229492188], "Font": {"alt_family_name": "* Arial", "embedded": true, "encoding": "Identity-H", "family_name": "* Arial", "font_type": "CIDFontType0", "italic": false, "monospaced": false, "name": "*Arial-27685", "subset": false, "weight": 400}, "HasClip": false, "Page": 13, "Path": "//Document/L[2]/LI[7]/Lbl", "Text": "\u25a0 ", "TextSize": 8.0}, {"Bounds": [56.63999938964844, 145.69309997558594, 176.90585327148438, 157.36709594726562], "Font": {"alt_family_name": "* Times New Roman", "embedded": true, "encoding": "Identity-H", "family_name": "* Times New Roman", "font_type": "CIDFontType0", "italic": false, "monospaced": false, "name": "*Times New Roman-27686", "subset": false, "weight": 400}, "HasClip": false, "Page": 13, "Path": "//Document/L[2]/LI[7]/LBody", "Text": "Magic state distillation ", "TextSize": 13.0}, {"Bounds": [43.91999816894531, 130.0240020751953, 49.5377197265625, 137.6479949951172], "Font": {"alt_family_name": "* Arial", "embedded": true, "encoding": "Identity-H", "family_name": "* Arial", "font_type": "CIDFontType0", "italic": false, "monospaced": false, "name": "*Arial-27685", "subset": false, "weight": 400}, "HasClip": false, "Page": 13, "Path": "//Document/L[2]/LI[8]/Lbl", "Text": "\u25a0 ", "TextSize": 8.0}, {"Bounds": [56.63999938964844, 129.0500030517578, 156.94883728027344, 140.7239990234375], "Font": {"alt_family_name": "* Times New Roman", "embedded": true, "encoding": "Identity-H", "family_name": "* Times New Roman", "font_type": "CIDFontType0", "italic": false, "monospaced": false, "name": "*Times New Roman-27686", "subset": false, "weight": 400}, "HasClip": false, "Page": 13, "Path": "//Document/L[2]/LI[8]/LBody", "Text": "Natural computing ", "TextSize": 13.0}, {"Bounds": [43.91999816894531, 113.68690490722656, 49.5377197265625, 121.31089782714844], "Font": {"alt_family_name": "* Arial", "embedded": true, "encoding": "Identity-H", "family_name": "* Arial", "font_type": "CIDFontType0", "italic": false, "monospaced": false, "name": "*Arial-27685", "subset": false, "weight": 400}, "HasClip": false, "Page": 13, "Path": "//Document/L[2]/LI[9]/Lbl", "Text": "\u25a0 ", "TextSize": 8.0}, {"Bounds": [56.399993896484375, 112.5928955078125, 154.8748321533203, 124.26690673828125], "Font": {"alt_family_name": "* Times New Roman", "embedded": true, "encoding": "Identity-H", "family_name": "* Times New Roman", "font_type": "CIDFontType0", "italic": false, "monospaced": false, "name": "*Times New Roman-27686", "subset": false, "weight": 400}, "HasClip": false, "Page": 13, "Path": "//Document/L[2]/LI[9]/LBody", "Text": "Optical computing_ ", "TextSize": 13.0}, {"Bounds": [320.1600036621094, 247.98739624023438, 326.0294494628906, 252.73939514160156], "Font": {"alt_family_name": "* Times New Roman", "embedded": true, "encoding": "Identity-H", "family_name": "* Times New Roman", "font_type": "CIDFontType0", "italic": false, "monospaced": false, "name": "*Times New Roman-27678", "subset": false, "weight": 400}, "HasClip": false, "Page": 13, "Path": "//Document/L[2]/LI[10]/Lbl", "Text": "\u25a0 ", "TextSize": 8.0}, {"Bounds": [332.3999938964844, 244.62539672851562, 407.7528076171875, 256.2993927001953], "Font": {"alt_family_name": "* Times New Roman", "embedded": true, "encoding": "Identity-H", "family_name": "* Times New Roman", "font_type": "CIDFontType0", "italic": false, "monospaced": false, "name": "*Times New Roman-27686", "subset": false, "weight": 400}, "HasClip": false, "Page": 13, "Path": "//Document/L[2]/LI[10]/LBody", "Text": "Quantum bus ", "TextSize": 13.0}, {"Bounds": [320.1600036621094, 231.4720001220703, 326.0294494628906, 236.2239990234375], "Font": {"alt_family_name": "* Times New Roman", "embedded": true, "encoding": "Identity-H", "family_name": "* Times New Roman", "font_type": "CIDFontType0", "italic": false, "monospaced": false, "name": "*Times New Roman-27678", "subset": false, "weight": 400}, "HasClip": false, "Page": 13, "Path": "//Document/L[2]/LI[11]/Lbl", "Text": "\u25a0 ", "TextSize": 8.0}, {"Bounds": [332.3999938964844, 228.1699981689453, 436.38714599609375, 239.843994140625], "Font": {"alt_family_name": "* Times New Roman", "embedded": true, "encoding": "Identity-H", "family_name": "* Times New Roman", "font_type": "CIDFontType0", "italic": false, "monospaced": false, "name": "*Times New Roman-27686", "subset": false, "weight": 400}, "HasClip": false, "Page": 13, "Path": "//Document/L[2]/LI[11]/LBody", "Text": "Quantum cognition ", "TextSize": 13.0}, {"Bounds": [320.1600036621094, 214.9293975830078, 326.0294494628906, 219.681396484375], "Font": {"alt_family_name": "* Times New Roman", "embedded": true, "encoding": "Identity-H", "family_name": "* Times New Roman", "font_type": "CIDFontType0", "italic": false, "monospaced": false, "name": "*Times New Roman-27678", "subset": false, "weight": 400}, "HasClip": false, "Page": 13, "Path": "//Document/L[2]/LI[12]/Lbl/StyleSpan", "Text": "\u25a0 ", "TextSize": 8.0, "attributes": {"TextPosition": "Sub"}}, {"Bounds": [332.3999938964844, 211.68739318847656, 427.08958435058594, 223.3614044189453], "Font": {"alt_family_name": "* Times New Roman", "embedded": true, "encoding": "Identity-H", "family_name": "* Times New Roman", "font_type": "CIDFontType0", "italic": false, "monospaced": false, "name": "*Times New Roman-27686", "subset": false, "weight": 400}, "HasClip": false, "Page": 13, "Path": "//Document/L[2]/LI[12]/LBody", "Text": "Quantum volume ", "TextSize": 13.0}, {"Bounds": [320.1600036621094, 198.3520050048828, 326.0294494628906, 203.10400390625], "Font": {"alt_family_name": "* Times New Roman", "embedded": true, "encoding": "Identity-H", "family_name": "* Times New Roman", "font_type": "CIDFontType0", "italic": false, "monospaced": false, "name": "*Times New Roman-27678", "subset": false, "weight": 400}, "HasClip": false, "Page": 13, "Path": "//Document/L[2]/LI[13]/Lbl/StyleSpan", "Text": "\u25a0 ", "TextSize": 8.0, "attributes": {"TextPosition": "Sub"}}, {"Bounds": [332.3999938964844, 195.11000061035156, 442.6520538330078, 206.78399658203125], "Font": {"alt_family_name": "* Times New Roman", "embedded": true, "encoding": "Identity-H", "family_name": "* Times New Roman", "font_type": "CIDFontType0", "italic": false, "monospaced": false, "name": "*Times New Roman-27686", "subset": false, "weight": 400}, "HasClip": false, "Page": 13, "Path": "//Document/L[2]/LI[13]/LBody", "Text": "Quantum weirdness ", "TextSize": 13.0}, {"Bounds": [320.1600036621094, 181.9029998779297, 326.0294494628906, 186.65499877929688], "Font": {"alt_family_name": "* Times New Roman", "embedded": true, "encoding": "Identity-H", "family_name": "* Times New Roman", "font_type": "CIDFontType0", "italic": false, "monospaced": false, "name": "*Times New Roman-27678", "subset": false, "weight": 400}, "HasClip": false, "Page": 13, "Path": "//Document/L[2]/LI[14]/Lbl", "Text": "\u25a0 ", "TextSize": 8.0}, {"Bounds": [332.8800048828125, 178.6009979248047, 431.05523681640625, 190.27499389648438], "Font": {"alt_family_name": "* Times New Roman", "embedded": true, "encoding": "Identity-H", "family_name": "* Times New Roman", "font_type": "CIDFontType0", "italic": false, "monospaced": false, "name": "*Times New Roman-27686", "subset": false, "weight": 400}, "HasClip": false, "Page": 13, "Path": "//Document/L[2]/LI[14]/LBody", "Text": "Rigetti Computing ", "TextSize": 13.0}, {"Bounds": [320.1600036621094, 165.42579650878906, 326.0294494628906, 170.17779541015625], "Font": {"alt_family_name": "* Times New Roman", "embedded": true, "encoding": "Identity-H", "family_name": "* Times New Roman", "font_type": "CIDFontType0", "italic": false, "monospaced": false, "name": "*Times New Roman-27678", "subset": false, "weight": 400}, "HasClip": false, "Page": 13, "Path": "//Document/L[2]/LI[15]/Lbl", "Text": "\u25a0 ", "TextSize": 8.0}, {"Bounds": [332.63999938964844, 162.00379943847656, 417.95448303222656, 173.67779541015625], "Font": {"alt_family_name": "* Times New Roman", "embedded": true, "encoding": "Identity-H", "family_name": "* Times New Roman", "font_type": "CIDFontType0", "italic": false, "monospaced": false, "name": "*Times New Roman-27686", "subset": false, "weight": 400}, "HasClip": false, "Page": 13, "Path": "//Document/L[2]/LI[15]/LBody", "Text": "Supercomputer ", "TextSize": 13.0}, {"Bounds": [320.1600036621094, 148.96539306640625, 326.0294494628906, 153.7174072265625], "Font": {"alt_family_name": "* Times New Roman", "embedded": true, "encoding": "Identity-H", "family_name": "* Times New Roman", "font_type": "CIDFontType0", "italic": false, "monospaced": false, "name": "*Times New Roman-27678", "subset": false, "weight": 400}, "HasClip": false, "Page": 13, "Path": "//Document/L[2]/LI[16]/Lbl", "Text": "\u25a0 ", "TextSize": 8.0}, {"Bounds": [332.1600036621094, 145.6033935546875, 492.3979949951172, 157.27740478515625], "Font": {"alt_family_name": "* Times New Roman", "embedded": true, "encoding": "Identity-H", "family_name": "* Times New Roman", "font_type": "CIDFontType0", "italic": false, "monospaced": false, "name": "*Times New Roman-27686", "subset": false, "weight": 400}, "HasClip": false, "Page": 13, "Path": "//Document/L[2]/LI[16]/LBody", "Text": "Theoretical computer science ", "TextSize": 13.0}, {"Bounds": [320.1600036621094, 132.3520050048828, 326.0294494628906, 137.10400390625], "Font": {"alt_family_name": "* Times New Roman", "embedded": true, "encoding": "Identity-H", "family_name": "* Times New Roman", "font_type": "CIDFontType0", "italic": false, "monospaced": false, "name": "*Times New Roman-27678", "subset": false, "weight": 400}, "HasClip": false, "Page": 13, "Path": "//Document/L[2]/LI[17]/Lbl", "Text": "\u25a0 ", "TextSize": 8.0}, {"Bounds": [332.8800048828125, 129.0500030517578, 477.34983825683594, 140.7239990234375], "Font": {"alt_family_name": "* Times New Roman", "embedded": true, "encoding": "Identity-H", "family_name": "* Times New Roman", "font_type": "CIDFontType0", "italic": false, "monospaced": false, "name": "*Times New Roman-27686", "subset": false, "weight": 400}, "HasClip": false, "Page": 13, "Path": "//Document/L[2]/LI[17]/LBody", "Text": "Unconventional computing ", "TextSize": 13.0}, {"Bounds": [320.1600036621094, 115.86189270019531, 326.0294494628906, 120.61390686035156], "Font": {"alt_family_name": "* Times New Roman", "embedded": true, "encoding": "Identity-H", "family_name": "* Times New Roman", "font_type": "CIDFontType0", "italic": false, "monospaced": false, "name": "*Times New Roman-27678", "subset": false, "weight": 400}, "HasClip": false, "Page": 13, "Path": "//Document/L[2]/LI[18]/Lbl", "Text": "\u25a0 ", "TextSize": 8.0}, {"Bounds": [332.39100646972656, 112.61990356445312, 402.66908264160156, 124.29389953613281], "Font": {"alt_family_name": "* Times New Roman", "embedded": true, "encoding": "Identity-H", "family_name": "* Times New Roman", "font_type": "CIDFontType0", "italic": false, "monospaced": false, "name": "*Times New Roman-27686", "subset": false, "weight": 400}, "HasClip": false, "Page": 13, "Path": "//Document/L[2]/LI[18]/LBody", "Text": "Valleytronics ", "TextSize": 13.0}, {"Bounds": [36.720001220703125, 77.375, 94.87821960449219, 91.13099670410156], "Font": {"alt_family_name": "* Times New Roman", "embedded": true, "encoding": "Identity-H", "family_name": "* Times New Roman", "font_type": "CIDFontType0", "italic": false, "monospaced": false, "name": "*Times New Roman-Bold-27677", "subset": false, "weight": 700}, "HasClip": false, "Lang": "en", "Page": 13, "Path": "//Document/H1[4]", "Text": "Notes ", "TextSize": 19.0, "attributes": {"LineHeight": 22.75, "SpaceAfter": 18}}, {"Bounds": [42.96000671386719, 47.92999267578125, 55.75688171386719, 59.60400390625], "Font": {"alt_family_name": "* Times New Roman", "embedded": true, "encoding": "Identity-H", "family_name": "* Times New Roman", "font_type": "CIDFontType0", "italic": false, "monospaced": false, "name": "*Times New Roman-27686", "subset": false, "weight": 400}, "HasClip": false, "Page": 13, "Path": "//Document/L[3]/LI/Lbl", "Text": "a. ", "TextSize": 13.0}, {"Bounds": [55.92100524902344, 33.589996337890625, 571.871337890625, 59.66400146484375], "Font": {"alt_family_name": "* Times New Roman", "embedded": true, "encoding": "Identity-H", "family_name": "* Times New Roman", "font_type": "CIDFontType0", "italic": false, "monospaced": false, "name": "*Times New Roman-27686", "subset": false, "weight": 400}, "HasClip": false, "Page": 13, "Path": "//Document/L[3]/LI/LBody", "Text": "The classical logic gates such as AND, OR, NOT, etc., that act on classical bits can be written as matrices, and used in the exact same way as quantum logic gates, as presented in this article. ", "TextSize": 13.0}, {"Bounds": [26.587493896484375, 14.44500732421875, 586.0350036621094, 775.9875030517578], "Page": 14, "Path": "//Document/Figure[19]", "attributes": {"BBox": [26.63889999999992, 14.43159999999989, 586.0559999999823, 776.0409999999974], "Placement": "Block"}}, {"Bounds": [26.587493896484375, 14.44500732421875, 586.0350036621094, 775.9875030517578], "Page": 15, "Path": "//Document/Figure[20]", "attributes": {"BBox": [26.63889999999992, 14.43159999999989, 586.0559999999823, 776.0409999999974], "Placement": "Block"}}, {"Bounds": [26.587493896484375, 14.44500732421875, 586.0350036621094, 775.9875030517578], "Page": 16, "Path": "//Document/Figure[21]", "attributes": {"BBox": [26.63889999999992, 14.43159999999989, 586.0559999999823, 776.0409999999974], "Placement": "Block"}}, {"Bounds": [26.587493896484375, 14.44500732421875, 586.0350036621094, 775.9875030517578], "Page": 17, "Path": "//Document/Figure[22]", "attributes": {"BBox": [26.63889999999992, 14.43159999999989, 586.0559999999823, 776.0409999999974], "Placement": "Block"}}, {"Bounds": [26.587493896484375, 14.44500732421875, 586.0350036621094, 775.9875030517578], "Page": 18, "Path": "//Document/Figure[23]", "attributes": {"BBox": [26.63889999999992, 14.43159999999989, 586.0559999999823, 776.0409999999974], "Placement": "Block"}}, {"Bounds": [26.587493896484375, 14.44500732421875, 586.0350036621094, 775.9875030517578], "Page": 19, "Path": "//Document/Figure[24]", "attributes": {"BBox": [26.63889999999992, 14.43159999999989, 586.0559999999823, 776.0409999999974], "Placement": "Block"}}, {"Bounds": [26.587493896484375, 14.44500732421875, 586.0350036621094, 775.9875030517578], "Page": 20, "Path": "//Document/Figure[25]", "attributes": {"BBox": [26.63889999999992, 14.43159999999989, 586.0559999999823, 776.0409999999974], "Placement": "Block"}}, {"Bounds": [26.587493896484375, 14.44500732421875, 586.0350036621094, 775.9875030517578], "Page": 21, "Path": "//Document/Figure[26]", "attributes": {"BBox": [26.63889999999992, 14.43159999999989, 586.0559999999823, 776.0409999999974], "Placement": "Block"}}, {"Bounds": [26.587493896484375, 14.44500732421875, 586.0350036621094, 775.9875030517578], "Page": 22, "Path": "//Document/Figure[27]", "attributes": {"BBox": [26.63889999999992, 14.43159999999989, 586.0559999999823, 776.0409999999974], "Placement": "Block"}}, {"Bounds": [26.587493896484375, 14.44500732421875, 586.0350036621094, 775.9875030517578], "Page": 23, "Path": "//Document/Figure[28]", "attributes": {"BBox": [26.63889999999992, 14.43159999999989, 586.0559999999823, 776.0409999999974], "Placement": "Block"}}, {"Bounds": [26.587493896484375, 14.44500732421875, 586.0350036621094, 775.9875030517578], "Page": 24, "Path": "//Document/Figure[29]", "attributes": {"BBox": [26.63889999999992, 14.43159999999989, 586.0559999999823, 776.0409999999974], "Placement": "Block"}}, {"Bounds": [26.587493896484375, 14.44500732421875, 586.0350036621094, 775.9875030517578], "Page": 25, "Path": "//Document/Figure[30]", "attributes": {"BBox": [26.63889999999992, 14.43159999999989, 586.0559999999823, 776.0409999999974], "Placement": "Block"}}, {"Bounds": [26.587493896484375, 14.44500732421875, 586.0350036621094, 775.9875030517578], "Page": 26, "Path": "//Document/Figure[31]", "attributes": {"BBox": [26.63889999999992, 14.43159999999989, 586.0559999999823, 776.0409999999974], "Placement": "Block"}}, {"Bounds": [26.587493896484375, 14.44500732421875, 586.0350036621094, 775.9875030517578], "Page": 27, "Path": "//Document/Figure[32]", "attributes": {"BBox": [26.63889999999992, 14.43159999999989, 586.0559999999823, 776.0409999999974], "Placement": "Block"}}, {"Bounds": [26.587493896484375, 14.44500732421875, 586.0350036621094, 775.9875030517578], "Page": 28, "Path": "//Document/Figure[33]", "attributes": {"BBox": [26.63889999999992, 14.43159999999989, 586.0559999999823, 776.0409999999974], "Placement": "Block"}}, {"Bounds": [26.587493896484375, 14.44500732421875, 586.0350036621094, 775.9875030517578], "Page": 29, "Path": "//Document/Figure[34]", "attributes": {"BBox": [26.63889999999992, 14.43159999999989, 586.0559999999823, 776.0409999999974], "Placement": "Block"}}, {"Bounds": [26.587493896484375, 14.44500732421875, 586.0350036621094, 775.9875030517578], "Page": 30, "Path": "//Document/Figure[35]", "attributes": {"BBox": [26.63889999999992, 14.43159999999989, 586.0559999999823, 776.0409999999974], "Placement": "Block"}}, {"Bounds": [26.587493896484375, 14.44500732421875, 586.0350036621094, 775.9875030517578], "ClipBounds": [26.587493896484375, 14.44500732421875, 586.0350036621094, 775.9875030517578], "Page": 31, "Path": "//Document/Figure[36]", "attributes": {"BBox": [26.63889999999992, 14.43159999999989, 586.0559999999823, 776.0409999999974], "Placement": "Block"}}], "pages": [{"boxes": {"CropBox": [0.0, 0.0, 612.0, 792.0], "MediaBox": [0.0, 0.0, 612.0, 792.0]}, "height": 792.0, "is_scanned": true, "page_number": 0, "rotation": 0, "width": 612.0}, {"boxes": {"CropBox": [0.0, 0.0, 612.0, 792.0], "MediaBox": [0.0, 0.0, 612.0, 792.0]}, "height": 792.0, "is_scanned": true, "page_number": 1, "rotation": 0, "width": 612.0}, {"boxes": {"CropBox": [0.0, 0.0, 612.0, 792.0], "MediaBox": [0.0, 0.0, 612.0, 792.0]}, "height": 792.0, "is_scanned": false, "page_number": 2, "rotation": 0, "width": 612.0}, {"boxes": {"CropBox": [0.0, 0.0, 612.0, 792.0], "MediaBox": [0.0, 0.0, 612.0, 792.0]}, "height": 792.0, "is_scanned": false, "page_number": 3, "rotation": 0, "width": 612.0}, {"boxes": {"CropBox": [0.0, 0.0, 612.0, 792.0], "MediaBox": [0.0, 0.0, 612.0, 792.0]}, "height": 792.0, "is_scanned": true, "page_number": 4, "rotation": 0, "width": 612.0}, {"boxes": {"CropBox": [0.0, 0.0, 612.0, 792.0], "MediaBox": [0.0, 0.0, 612.0, 792.0]}, "height": 792.0, "is_scanned": false, "page_number": 5, "rotation": 0, "width": 612.0}, {"boxes": {"CropBox": [0.0, 0.0, 612.0, 792.0], "MediaBox": [0.0, 0.0, 612.0, 792.0]}, "height": 792.0, "is_scanned": false, "page_number": 6, "rotation": 0, "width": 612.0}, {"boxes": {"CropBox": [0.0, 0.0, 612.0, 792.0], "MediaBox": [0.0, 0.0, 612.0, 792.0]}, "height": 792.0, "is_scanned": false, "page_number": 7, "rotation": 0, "width": 612.0}, {"boxes": {"CropBox": [0.0, 0.0, 612.0, 792.0], "MediaBox": [0.0, 0.0, 612.0, 792.0]}, "height": 792.0, "is_scanned": true, "page_number": 8, "rotation": 0, "width": 612.0}, {"boxes": {"CropBox": [0.0, 0.0, 612.0, 792.0], "MediaBox": [0.0, 0.0, 612.0, 792.0]}, "height": 792.0, "is_scanned": false, "page_number": 9, "rotation": 0, "width": 612.0}, {"boxes": {"CropBox": [0.0, 0.0, 612.0, 792.0], "MediaBox": [0.0, 0.0, 612.0, 792.0]}, "height": 792.0, "is_scanned": false, "page_number": 10, "rotation": 0, "width": 612.0}, {"boxes": {"CropBox": [0.0, 0.0, 612.0, 792.0], "MediaBox": [0.0, 0.0, 612.0, 792.0]}, "height": 792.0, "is_scanned": false, "page_number": 11, "rotation": 0, "width": 612.0}, {"boxes": {"CropBox": [0.0, 0.0, 612.0, 792.0], "MediaBox": [0.0, 0.0, 612.0, 792.0]}, "height": 792.0, "is_scanned": false, "page_number": 12, "rotation": 0, "width": 612.0}, {"boxes": {"CropBox": [0.0, 0.0, 612.0, 792.0], "MediaBox": [0.0, 0.0, 612.0, 792.0]}, "height": 792.0, "is_scanned": true, "page_number": 13, "rotation": 0, "width": 612.0}, {"boxes": {"CropBox": [0.0, 0.0, 612.0, 792.0], "MediaBox": [0.0, 0.0, 612.0, 792.0]}, "height": 792.0, "is_scanned": false, "page_number": 14, "rotation": 0, "width": 612.0}, {"boxes": {"CropBox": [0.0, 0.0, 612.0, 792.0], "MediaBox": [0.0, 0.0, 612.0, 792.0]}, "height": 792.0, "is_scanned": false, "page_number": 15, "rotation": 0, "width": 612.0}, {"boxes": {"CropBox": [0.0, 0.0, 612.0, 792.0], "MediaBox": [0.0, 0.0, 612.0, 792.0]}, "height": 792.0, "is_scanned": false, "page_number": 16, "rotation": 0, "width": 612.0}, {"boxes": {"CropBox": [0.0, 0.0, 612.0, 792.0], "MediaBox": [0.0, 0.0, 612.0, 792.0]}, "height": 792.0, "is_scanned": false, "page_number": 17, "rotation": 0, "width": 612.0}, {"boxes": {"CropBox": [0.0, 0.0, 612.0, 792.0], "MediaBox": [0.0, 0.0, 612.0, 792.0]}, "height": 792.0, "is_scanned": false, "page_number": 18, "rotation": 0, "width": 612.0}, {"boxes": {"CropBox": [0.0, 0.0, 612.0, 792.0], "MediaBox": [0.0, 0.0, 612.0, 792.0]}, "height": 792.0, "is_scanned": false, "page_number": 19, "rotation": 0, "width": 612.0}, {"boxes": {"CropBox": [0.0, 0.0, 612.0, 792.0], "MediaBox": [0.0, 0.0, 612.0, 792.0]}, "height": 792.0, "is_scanned": false, "page_number": 20, "rotation": 0, "width": 612.0}, {"boxes": {"CropBox": [0.0, 0.0, 612.0, 792.0], "MediaBox": [0.0, 0.0, 612.0, 792.0]}, "height": 792.0, "is_scanned": false, "page_number": 21, "rotation": 0, "width": 612.0}, {"boxes": {"CropBox": [0.0, 0.0, 612.0, 792.0], "MediaBox": [0.0, 0.0, 612.0, 792.0]}, "height": 792.0, "is_scanned": false, "page_number": 22, "rotation": 0, "width": 612.0}, {"boxes": {"CropBox": [0.0, 0.0, 612.0, 792.0], "MediaBox": [0.0, 0.0, 612.0, 792.0]}, "height": 792.0, "is_scanned": false, "page_number": 23, "rotation": 0, "width": 612.0}, {"boxes": {"CropBox": [0.0, 0.0, 612.0, 792.0], "MediaBox": [0.0, 0.0, 612.0, 792.0]}, "height": 792.0, "is_scanned": false, "page_number": 24, "rotation": 0, "width": 612.0}, {"boxes": {"CropBox": [0.0, 0.0, 612.0, 792.0], "MediaBox": [0.0, 0.0, 612.0, 792.0]}, "height": 792.0, "is_scanned": false, "page_number": 25, "rotation": 0, "width": 612.0}, {"boxes": {"CropBox": [0.0, 0.0, 612.0, 792.0], "MediaBox": [0.0, 0.0, 612.0, 792.0]}, "height": 792.0, "is_scanned": false, "page_number": 26, "rotation": 0, "width": 612.0}, {"boxes": {"CropBox": [0.0, 0.0, 612.0, 792.0], "MediaBox": [0.0, 0.0, 612.0, 792.0]}, "height": 792.0, "is_scanned": false, "page_number": 27, "rotation": 0, "width": 612.0}, {"boxes": {"CropBox": [0.0, 0.0, 612.0, 792.0], "MediaBox": [0.0, 0.0, 612.0, 792.0]}, "height": 792.0, "is_scanned": false, "page_number": 28, "rotation": 0, "width": 612.0}, {"boxes": {"CropBox": [0.0, 0.0, 612.0, 792.0], "MediaBox": [0.0, 0.0, 612.0, 792.0]}, "height": 792.0, "is_scanned": false, "page_number": 29, "rotation": 0, "width": 612.0}, {"boxes": {"CropBox": [0.0, 0.0, 612.0, 792.0], "MediaBox": [0.0, 0.0, 612.0, 792.0]}, "height": 792.0, "is_scanned": false, "page_number": 30, "rotation": 0, "width": 612.0}, {"boxes": {"CropBox": [0.0, 0.0, 612.0, 792.0], "MediaBox": [0.0, 0.0, 612.0, 792.0]}, "height": 792.0, "is_scanned": false, "page_number": 31, "rotation": 0, "width": 612.0}]}